{"loss": [2.0206384658813477, 2.0167973041534424, 1.9238619804382324, 1.9569004774093628, 1.878902554512024, 1.9377284049987793, 1.855325698852539, 1.867334008216858, 1.8129678964614868, 1.794784665107727, 1.7997382879257202, 1.7594894170761108, 1.729094386100769, 1.7092924118041992, 1.6706371307373047, 1.6743645668029785, 1.825852632522583, 1.7087104320526123, 1.6746572256088257, 1.680517315864563, 1.6330043077468872, 1.623800277709961, 1.6151468753814697, 1.5907319784164429, 1.5572513341903687, 1.5377167463302612, 1.495818853378296, 1.5462077856063843, 1.5057976245880127, 1.482062578201294], "categorical_accuracy": [0.5020642876625061, 0.507808268070221, 0.5282713770866394, 0.5133728384971619, 0.5437085032463074, 0.5218093991279602, 0.5557350516319275, 0.5426315069198608, 0.5665051341056824, 0.565787136554718, 0.5639920830726624, 0.5839167237281799, 0.5844551920890808, 0.5934302806854248, 0.6149703860282898, 0.6027643084526062, 0.5399389863014221, 0.5889427661895752, 0.5982767939567566, 0.6004307866096497, 0.6117393374443054, 0.6094058752059937, 0.6104828715324402, 0.6208938956260681, 0.6300484538078308, 0.6291509866714478, 0.6523066163063049, 0.6286124587059021, 0.6377670168876648, 0.6526656150817871], "precision": [0.6439735889434814, 0.6527442336082458, 0.6756666898727417, 0.6731793880462646, 0.6918096542358398, 0.680651843547821, 0.7015404105186462, 0.7035456299781799, 0.7098997235298157, 0.7056559324264526, 0.7098001837730408, 0.7192716002464294, 0.7253855466842651, 0.7306689620018005, 0.7423555850982666, 0.7361544966697693, 0.6857871413230896, 0.7327823638916016, 0.7417758107185364, 0.7294629812240601, 0.7424456477165222, 0.7428083419799805, 0.7344444394111633, 0.7489574551582336, 0.7584422826766968, 0.7564446926116943, 0.771056056022644, 0.7526652216911316, 0.7638962268829346, 0.7693099975585938], "recall": [0.33279484510421753, 0.3394363522529602, 0.3638485074043274, 0.34015437960624695, 0.3835936188697815, 0.35236042737960815, 0.3923891484737396, 0.384670615196228, 0.40674924850463867, 0.4277508556842804, 0.4017232060432434, 0.42541733384132385, 0.43905940651893616, 0.45288097858428955, 0.4706515967845917, 0.46526655554771423, 0.3862861096858978, 0.4297253489494324, 0.45736852288246155, 0.45108598470687866, 0.4719080924987793, 0.46813857555389404, 0.474600613117218, 0.4835756719112396, 0.49991023540496826, 0.5056542754173279, 0.5307844281196594, 0.5069108009338379, 0.5180398225784302, 0.5363489389419556], "val_loss": [2.1392147541046143, 2.67191481590271, 2.0754926204681396, 2.320199966430664, 2.627112627029419, 1.9053184986114502, 4.473104476928711, 1.9392191171646118, 1.7582892179489136, 2.4556422233581543, 1.9199304580688477, 1.9917222261428833, 1.5822033882141113, 2.4022622108459473, 1.9220250844955444, 5.320078372955322, 1.9081785678863525, 2.148305654525757, 2.3847203254699707, 1.871209740638733, 1.7359691858291626, 3.4231085777282715, 1.855764627456665, 1.6940057277679443, 2.231088161468506, 1.9886856079101562, 3.345102548599243, 1.6902220249176025, 1.7878583669662476, 1.7448348999023438], "val_categorical_accuracy": [0.5113138556480408, 0.4948905110359192, 0.48175182938575745, 0.46678832173347473, 0.4616788327693939, 0.5507299304008484, 0.3036496341228485, 0.5091241002082825, 0.5846715569496155, 0.37481752038002014, 0.5558394193649292, 0.535401463508606, 0.6445255279541016, 0.5299270153045654, 0.5412408709526062, 0.3419708013534546, 0.5288321375846863, 0.47956204414367676, 0.453649640083313, 0.5368613004684448, 0.5708029270172119, 0.37773722410202026, 0.5189781188964844, 0.610948920249939, 0.5419707894325256, 0.517153263092041, 0.44343066215515137, 0.5616788268089294, 0.5726277232170105, 0.5843065977096558], "val_precision": [0.6115515232086182, 0.5949445366859436, 0.6925315260887146, 0.5722543597221375, 0.533838152885437, 0.6889764070510864, 0.32359549403190613, 0.6414209008216858, 0.713638961315155, 0.46836191415786743, 0.6558974385261536, 0.624749481678009, 0.8130959868431091, 0.6401290893554688, 0.6414342522621155, 0.3439970016479492, 0.6470927000045776, 0.6073697805404663, 0.55266273021698, 0.6703221201896667, 0.7552123665809631, 0.40835580229759216, 0.6254125237464905, 0.718937873840332, 0.6374683380126953, 0.590053141117096, 0.4764111340045929, 0.7177914381027222, 0.6918510794639587, 0.6770938634872437], "val_recall": [0.39416059851646423, 0.3521897792816162, 0.26058393716812134, 0.3251824676990509, 0.41167882084846497, 0.3832116723060608, 0.262773722410202, 0.3492700755596161, 0.46021896600723267, 0.2890510857105255, 0.46678832173347473, 0.45510947704315186, 0.46678832173347473, 0.4343065619468689, 0.47007298469543457, 0.33357664942741394, 0.4102189838886261, 0.34890511631965637, 0.34087592363357544, 0.3569343090057373, 0.3569343090057373, 0.33175182342529297, 0.4149635136127472, 0.5237226486206055, 0.45948904752731323, 0.4459854066371918, 0.4127737283706665, 0.4270072877407074, 0.4678831994533539, 0.4897810220718384]}