{"loss": [2.9550111293792725, 2.726299285888672, 2.6880035400390625, 2.619415044784546, 2.5111985206604004, 2.500882863998413, 2.536447763442993, 2.4352598190307617, 2.41328501701355, 2.3946738243103027, 2.2776167392730713, 2.254748582839966], "categorical_accuracy": [0.2757135033607483, 0.33423084020614624, 0.32507628202438354, 0.3412313759326935, 0.3713875412940979, 0.3717465400695801, 0.36582300066947937, 0.3866451382637024, 0.3773110806941986, 0.3877221345901489, 0.4275713562965393, 0.42218631505966187], "precision": [0.3341256380081177, 0.40710020065307617, 0.4035904109477997, 0.4317711889743805, 0.48144328594207764, 0.47908180952072144, 0.47182828187942505, 0.49367088079452515, 0.5060855746269226, 0.5106878876686096, 0.5517487525939941, 0.5586837530136108], "recall": [0.176628977060318, 0.22024771571159363, 0.21791419386863708, 0.22491472959518433, 0.2514808773994446, 0.23227427899837494, 0.22096571326255798, 0.23801830410957336, 0.2313767671585083, 0.2358642965555191, 0.27750852704048157, 0.2742775082588196], "val_loss": [2.5026206970214844, 2.3660671710968018, 2.326519012451172, 2.231234312057495, 2.434138774871826, 2.4073989391326904, 2.4649598598480225, 2.0260629653930664, 2.233592987060547, 2.8102262020111084, 2.8486084938049316, 2.004281520843506], "val_categorical_accuracy": [0.2700729966163635, 0.35328465700149536, 0.4058394134044647, 0.44233575463294983, 0.3810218870639801, 0.40474453568458557, 0.4350365102291107, 0.49087589979171753, 0.4587591290473938, 0.41131386160850525, 0.36970803141593933, 0.5091241002082825], "val_precision": [0.0, 0.5158013701438904, 0.5155038833618164, 0.5608782172203064, 0.5731707215309143, 0.5221518874168396, 0.535790205001831, 0.7052810788154602, 0.6030664443969727, 0.48289182782173157, 0.4617363214492798, 0.6600817441940308], "val_recall": [0.0, 0.16678832471370697, 0.2427007257938385, 0.30766424536705017, 0.2229927033185959, 0.24087591469287872, 0.27591240406036377, 0.30218976736068726, 0.25839415192604065, 0.31934306025505066, 0.2620438039302826, 0.35364964604377747]}