{"loss": [3.2536675930023193, 3.040219783782959, 2.9549341201782227, 2.8998286724090576, 2.827350378036499, 2.8542840480804443, 2.783942937850952, 2.66257905960083, 2.7516722679138184, 2.7378406524658203, 2.644530773162842, 2.5777246952056885], "categorical_accuracy": [0.29886913299560547, 0.3545144498348236, 0.3685155212879181, 0.3794650733470917, 0.4002872109413147, 0.39005565643310547, 0.3970561921596527, 0.430263876914978, 0.39633819460868835, 0.4017232060432434, 0.4381619095802307, 0.46024054288864136], "precision": [0.3571895360946655, 0.44251421093940735, 0.4563736617565155, 0.4749175012111664, 0.5053974390029907, 0.5022116303443909, 0.5021111965179443, 0.5498981475830078, 0.5230250954627991, 0.5202127695083618, 0.5752180218696594, 0.5903614163398743], "recall": [0.1961945742368698, 0.2514808773994446, 0.2525579035282135, 0.25830191373825073, 0.2773290276527405, 0.2649434506893158, 0.25614792108535767, 0.2907916009426117, 0.2507628798484802, 0.263327956199646, 0.28415006399154663, 0.3166397511959076], "val_loss": [3.6223857402801514, 3.477877378463745, 2.8587453365325928, 4.1522722244262695, 2.5626025199890137, 3.3616819381713867, 2.610687017440796, 6.419753074645996, 4.731341361999512, 2.437547206878662, 2.7161853313446045, 2.9350295066833496], "val_categorical_accuracy": [0.131386861205101, 0.2138686180114746, 0.40182483196258545, 0.33795619010925293, 0.47189781069755554, 0.3740876019001007, 0.44087591767311096, 0.22116787731647491, 0.37518247961997986, 0.5142335891723633, 0.4240875840187073, 0.4317518174648285], "val_precision": [0.17266187071800232, 0.22373393177986145, 0.470336377620697, 0.369047611951828, 0.5992031693458557, 0.43800321221351624, 0.570500910282135, 0.22997620701789856, 0.41419142484664917, 0.7819444537162781, 0.5707762837409973, 0.5297935009002686], "val_recall": [0.052554745227098465, 0.10802919417619705, 0.28065693378448486, 0.24890510737895966, 0.2744525671005249, 0.29781022667884827, 0.22445255517959595, 0.21167883276939392, 0.2748175263404846, 0.20547445118427277, 0.31934306025505066, 0.3277372121810913]}