{"loss": [3.336932897567749, 3.137622833251953, 3.099099636077881, 3.003091812133789, 2.9154715538024902, 3.008152484893799, 2.8612418174743652, 2.830031633377075, 2.7915008068084717, 2.7748982906341553, 2.6864852905273438, 2.698019027709961, 2.743607997894287, 2.631277322769165, 2.707348585128784, 2.6062684059143066, 2.7447845935821533, 2.69145131111145, 2.6185905933380127, 2.6646811962127686, 2.5492424964904785, 2.4590065479278564, 2.4121408462524414, 2.5883233547210693, 2.564720869064331, 2.504687786102295, 2.437248706817627, 2.3762190341949463, 2.4285647869110107, 2.391458034515381, 2.3175454139709473, 2.3272037506103516, 2.260251522064209, 2.2695016860961914, 2.260728597640991], "categorical_accuracy": [0.3153832256793976, 0.3624124825000763, 0.3685155212879181, 0.37695208191871643, 0.40710824728012085, 0.38143959641456604, 0.4157242774963379, 0.4275713562965393, 0.4381619095802307, 0.44390594959259033, 0.47585710883140564, 0.46508705615997314, 0.45144498348236084, 0.47783163189888, 0.46526655554771423, 0.497397243976593, 0.4417519271373749, 0.46365106105804443, 0.49667924642562866, 0.4735236167907715, 0.5119368433952332, 0.5499910116195679, 0.5641716122627258, 0.49380722641944885, 0.5017052888870239, 0.5196553468704224, 0.541733980178833, 0.5672231316566467, 0.5474780201911926, 0.5609405636787415, 0.5858912467956543, 0.5817626714706421, 0.6056363582611084, 0.6020463109016418, 0.6007897853851318], "precision": [0.3771391808986664, 0.43664076924324036, 0.45234400033950806, 0.483174592256546, 0.5184235572814941, 0.48993754386901855, 0.5165472626686096, 0.5423898696899414, 0.5591997504234314, 0.5618199706077576, 0.598584771156311, 0.5941558480262756, 0.5838994383811951, 0.6146993041038513, 0.5897767543792725, 0.6368286609649658, 0.5766016840934753, 0.5983949899673462, 0.6289181113243103, 0.6066689491271973, 0.6563417315483093, 0.681538462638855, 0.6970400214195251, 0.6311938762664795, 0.6362131834030151, 0.6654826998710632, 0.6869618892669678, 0.7056737542152405, 0.6776734590530396, 0.699313223361969, 0.7175660133361816, 0.7151079177856445, 0.7399494051933289, 0.737396776676178, 0.7326622009277344], "recall": [0.20965714752674103, 0.2622509300708771, 0.2615329325199127, 0.27320051193237305, 0.2904326021671295, 0.25345540046691895, 0.27176448702812195, 0.29168909788131714, 0.3060491979122162, 0.3058696687221527, 0.33405134081840515, 0.3284868001937866, 0.30856218934059143, 0.346795916557312, 0.327230304479599, 0.3575659692287445, 0.29725363850593567, 0.3078441917896271, 0.3349488377571106, 0.32005026936531067, 0.36133548617362976, 0.397594690322876, 0.43116137385368347, 0.3406928777694702, 0.34500089287757874, 0.3699515461921692, 0.40100520849227905, 0.42864835262298584, 0.4015437066555023, 0.420391321182251, 0.4487524628639221, 0.4460599422454834, 0.47244659066200256, 0.46472805738449097, 0.4702925980091095], "val_loss": [4.078103065490723, 3.2870800495147705, 2.6876003742218018, 2.955524444580078, 6.288733959197998, 2.5929248332977295, 2.6354434490203857, 2.684720993041992, 3.0018832683563232, 2.735063314437866, 2.7509706020355225, 4.31984281539917, 2.8258512020111084, 2.4588308334350586, 2.7516276836395264, 7.410953998565674, 2.794057846069336, 3.8256521224975586, 3.2216508388519287, 2.490413188934326, 2.591235637664795, 2.4800803661346436, 9.078617095947266, 3.4102938175201416, 2.4048306941986084, 2.5675277709960938, 3.077178716659546, 3.2570395469665527, 4.784956455230713, 2.201509952545166, 2.983802318572998, 2.6690003871917725, 3.370374917984009, 2.3992183208465576, 4.198744773864746], "val_categorical_accuracy": [0.1405109465122223, 0.2941605746746063, 0.4638686180114746, 0.49160584807395935, 0.3083941638469696, 0.5065693259239197, 0.48941606283187866, 0.45729926228523254, 0.4832116663455963, 0.4635036587715149, 0.4463503658771515, 0.31094890832901, 0.46678832173347473, 0.5507299304008484, 0.48175182938575745, 0.18284671008586884, 0.4266423285007477, 0.3901459872722626, 0.34598541259765625, 0.5551095008850098, 0.5627737045288086, 0.5835766196250916, 0.2452554702758789, 0.40401458740234375, 0.5602189898490906, 0.5474452376365662, 0.47956204414367676, 0.4058394134044647, 0.3135036528110504, 0.636496365070343, 0.49635037779808044, 0.5237226486206055, 0.47700729966163635, 0.5540146231651306, 0.37518247961997986], "val_precision": [0.1865357607603073, 0.35753318667411804, 0.6014492511749268, 0.5748116374015808, 0.3261146545410156, 0.6808149218559265, 0.6377816200256348, 0.584761917591095, 0.5615124106407166, 0.6463414430618286, 0.6143856048583984, 0.35617154836654663, 0.5560425519943237, 0.6950444579124451, 0.6202531456947327, 0.19112628698349, 0.5878644585609436, 0.4262215793132782, 0.5225955843925476, 0.6859310865402222, 0.6584856510162354, 0.6904287338256836, 0.24489009380340576, 0.4776274859905243, 0.7599067687988281, 0.6690929532051086, 0.5756417512893677, 0.44848206639289856, 0.33064842224121094, 0.7824540734291077, 0.5678392052650452, 0.5975359082221985, 0.524241030216217, 0.6847953200340271, 0.40834441781044006], "val_recall": [0.0485401451587677, 0.1671532839536667, 0.3029197156429291, 0.38978102803230286, 0.28029197454452515, 0.29270073771476746, 0.26861312985420227, 0.33613139390945435, 0.36313867568969727, 0.19343066215515137, 0.22445255517959595, 0.24854014813899994, 0.32408758997917175, 0.39927008748054504, 0.3755474388599396, 0.16350364685058594, 0.2722627818584442, 0.32153284549713135, 0.16459853947162628, 0.42883211374282837, 0.46021896600723267, 0.5054744482040405, 0.23175182938575745, 0.3350364863872528, 0.3569343090057373, 0.43613138794898987, 0.38467153906822205, 0.35583940148353577, 0.29963502287864685, 0.48175182938575745, 0.4124087691307068, 0.4248175323009491, 0.4222627878189087, 0.4273722767829895, 0.33576643466949463]}