{"loss": [2.9757649898529053, 2.7950797080993652, 2.7088828086853027, 2.6365807056427, 2.5723204612731934, 2.5328783988952637, 2.4774129390716553, 2.411686658859253, 2.3880271911621094, 2.3796427249908447, 2.3649098873138428, 2.3145570755004883, 2.2819066047668457, 2.286954402923584, 2.1826283931732178, 2.2217459678649902, 2.2122461795806885, 2.1781504154205322, 2.1256794929504395, 2.1232457160949707, 2.152642011642456, 2.2365472316741943, 2.1848928928375244, 2.0797362327575684, 2.0441248416900635, 2.046546220779419, 1.9835060834884644, 1.979824423789978, 2.027524948120117, 2.0183889865875244], "categorical_accuracy": [0.27194398641586304, 0.3092801868915558, 0.32310178875923157, 0.3320768177509308, 0.33889785408973694, 0.3498474359512329, 0.3633100092411041, 0.37551605701446533, 0.384670615196228, 0.38161909580230713, 0.3925686478614807, 0.4155447781085968, 0.4182372987270355, 0.4277508556842804, 0.45288097858428955, 0.4474959671497345, 0.4369054138660431, 0.4537785053253174, 0.4702925980091095, 0.47406211495399475, 0.46957457065582275, 0.43582838773727417, 0.4446239471435547, 0.47657510638237, 0.49219170212745667, 0.4900377094745636, 0.5151678323745728, 0.5151678323745728, 0.5009872317314148, 0.5006282329559326], "precision": [0.32305583357810974, 0.379516065120697, 0.4041725695133209, 0.41558441519737244, 0.43667641282081604, 0.4481185972690582, 0.46629002690315247, 0.5143080949783325, 0.5120275020599365, 0.5084545612335205, 0.5193217396736145, 0.5287958383560181, 0.5551750659942627, 0.5552950501441956, 0.5854922533035278, 0.5783722400665283, 0.5714285969734192, 0.6017569303512573, 0.6100981831550598, 0.6154125928878784, 0.6076980233192444, 0.5808457732200623, 0.6008754372596741, 0.6313513517379761, 0.6434215307235718, 0.653333306312561, 0.6656336188316345, 0.6638655662536621, 0.6615549325942993, 0.6630901098251343], "recall": [0.16926942765712738, 0.2055286318063736, 0.20516963303089142, 0.21252916753292084, 0.21414467692375183, 0.2116316705942154, 0.2222222238779068, 0.23550529778003693, 0.24071082472801208, 0.23209477961063385, 0.23640279471874237, 0.2538143992424011, 0.2618919312953949, 0.25507089495658875, 0.28397056460380554, 0.2755340039730072, 0.2678154706954956, 0.2950996160507202, 0.3123317062854767, 0.30389517545700073, 0.29474061727523804, 0.2514808773994446, 0.2710464894771576, 0.31448572874069214, 0.3362053632736206, 0.3254352807998657, 0.3469754159450531, 0.3545144498348236, 0.3329743444919586, 0.33279484510421753], "val_loss": [2.84676456451416, 2.682856798171997, 2.6476500034332275, 2.189532518386841, 2.8812949657440186, 2.7158000469207764, 2.3230223655700684, 2.071397542953491, 2.103680372238159, 2.1461305618286133, 2.136352777481079, 2.5672783851623535, 6.921827793121338, 2.2214572429656982, 2.4610469341278076, 2.5633418560028076, 2.3817386627197266, 2.076014995574951, 2.0003163814544678, 3.7967841625213623, 2.178696632385254, 2.226499319076538, 2.0334839820861816, 2.117393970489502, 2.0307388305664062, 1.9287303686141968, 1.7746185064315796, 3.2029831409454346, 3.2573471069335938, 1.848814606666565], "val_categorical_accuracy": [0.16934306919574738, 0.2667883336544037, 0.3985401391983032, 0.4562043845653534, 0.3419708013534546, 0.33649635314941406, 0.4032846689224243, 0.4883211553096771, 0.4799270033836365, 0.46240875124931335, 0.50620436668396, 0.4492700695991516, 0.2737226188182831, 0.4375912547111511, 0.4613138735294342, 0.390875905752182, 0.4558394253253937, 0.5, 0.5131387114524841, 0.32153284549713135, 0.47664234042167664, 0.3832116723060608, 0.510948896408081, 0.46678832173347473, 0.5149635076522827, 0.5583941340446472, 0.5813868641853333, 0.23649634420871735, 0.3762773871421814, 0.5729926824569702], "val_precision": [0.0, 0.3970588147640228, 0.46499103307724, 0.6714285612106323, 0.38483965396881104, 0.40648722648620605, 0.5371428728103638, 0.6598329544067383, 0.6570248007774353, 0.671594500541687, 0.6248399615287781, 0.5342385172843933, 0.2867042124271393, 0.5899280309677124, 0.5349087119102478, 0.541364312171936, 0.5747020840644836, 0.6239482164382935, 0.6680096983909607, 0.3620853126049042, 0.5846933126449585, 0.6081730723381042, 0.6692248582839966, 0.6894353628158569, 0.6850448250770569, 0.6856963634490967, 0.7534626126289368, 0.3084050416946411, 0.42352941632270813, 0.7301686406135559], "val_recall": [0.0, 0.04927007481455803, 0.283576637506485, 0.2229927033185959, 0.19270072877407074, 0.21496351063251495, 0.2401459813117981, 0.31715327501296997, 0.23211678862571716, 0.23211678862571716, 0.35620439052581787, 0.3302919566631317, 0.24160583317279816, 0.2693430781364441, 0.363503634929657, 0.2722627818584442, 0.22883211076259613, 0.3518248200416565, 0.30255475640296936, 0.2788321077823639, 0.3791970908641815, 0.1846715360879898, 0.3182481825351715, 0.2762773633003235, 0.36277371644973755, 0.39890509843826294, 0.39708030223846436, 0.1700729876756668, 0.3416058421134949, 0.4266423285007477]}