{"loss": [1.806747555732727, 1.5650408267974854, 1.458884835243225, 1.369606852531433, 1.315675973892212, 1.2714539766311646, 1.2317169904708862, 1.1795060634613037, 1.191071629524231, 1.1448477506637573, 1.1316852569580078, 1.1020855903625488, 1.0860564708709717, 1.059483528137207, 1.0305981636047363, 1.0185236930847168, 1.0090434551239014, 0.9819638133049011, 1.001006841659546, 0.9383721947669983, 0.9400895237922668, 0.9318945407867432, 0.912702202796936, 0.8911659717559814, 0.8798375725746155, 0.8818947672843933, 0.8688692450523376, 0.8635431528091431, 0.8727552890777588, 0.8301392793655396], "categorical_accuracy": [0.3029976785182953, 0.4250583350658417, 0.47136959433555603, 0.5130138397216797, 0.5167833566665649, 0.5420929789543152, 0.5621970891952515, 0.579608678817749, 0.5797882080078125, 0.5966612696647644, 0.5979177951812744, 0.6085083484649658, 0.6128163933753967, 0.6273559331893921, 0.6363310217857361, 0.6420750021934509, 0.649255096912384, 0.6575121283531189, 0.6481780409812927, 0.6709746718406677, 0.6688206791877747, 0.6779752373695374, 0.6803087592124939, 0.6917967796325684, 0.6957458257675171, 0.6889247894287109, 0.700951337814331, 0.6996948719024658, 0.698797345161438, 0.7117214202880859], "precision": [0.5899705290794373, 0.6676852703094482, 0.6807511448860168, 0.6996931433677673, 0.7005802989006042, 0.7260424494743347, 0.738757312297821, 0.7405063509941101, 0.737472414970398, 0.7565379738807678, 0.7440885901451111, 0.7605129480361938, 0.771320104598999, 0.7737993597984314, 0.7787513732910156, 0.7846153974533081, 0.7887400984764099, 0.7905369400978088, 0.7897170782089233, 0.8043875694274902, 0.8038910627365112, 0.8046594858169556, 0.8062055110931396, 0.8248101472854614, 0.8124223351478577, 0.8027715682983398, 0.8146957159042358, 0.8141089081764221, 0.80986088514328, 0.8264462947845459], "recall": [0.03590019792318344, 0.1568838655948639, 0.2342487871646881, 0.2864835858345032, 0.32507628202438354, 0.3563094735145569, 0.3862861096858978, 0.4200323224067688, 0.4200323224067688, 0.43618738651275635, 0.4462394416332245, 0.4577275216579437, 0.47406211495399475, 0.4887811839580536, 0.5105007886886597, 0.5126548409461975, 0.5180398225784302, 0.5338359475135803, 0.5210913419723511, 0.5528630614280701, 0.5562735795974731, 0.5641716122627258, 0.5690181255340576, 0.584814190864563, 0.5869682431221008, 0.5823011994361877, 0.5910967588424683, 0.5903787612915039, 0.5955842733383179, 0.6103033423423767], "val_loss": [1.5697978734970093, 1.4343987703323364, 1.2849280834197998, 1.2608517408370972, 1.2686687707901, 1.1517696380615234, 1.1054341793060303, 1.0423331260681152, 1.0925384759902954, 1.0817371606826782, 1.018903136253357, 1.0294325351715088, 0.9722903966903687, 0.966286838054657, 0.9678375720977783, 0.9505859613418579, 1.0224473476409912, 0.931837797164917, 0.976667046546936, 0.9351644515991211, 0.9115687608718872, 0.9252673983573914, 0.970242977142334, 0.8820595741271973, 0.8656072616577148, 0.9331503510475159, 0.9795284271240234, 0.9428108334541321, 0.8895528316497803, 0.8968644142150879], "val_categorical_accuracy": [0.41350364685058594, 0.47445255517959595, 0.5364963412284851, 0.5397810339927673, 0.5332117080688477, 0.5952554941177368, 0.6124087572097778, 0.6266423463821411, 0.6317518353462219, 0.6208029389381409, 0.6503649353981018, 0.6525547504425049, 0.6704379320144653, 0.6656934022903442, 0.6667883396148682, 0.6656934022903442, 0.6540145874023438, 0.6777372360229492, 0.6587591171264648, 0.6857663989067078, 0.6908758878707886, 0.6879562139511108, 0.6689780950546265, 0.6996350288391113, 0.7127737402915955, 0.6959853768348694, 0.6784671545028687, 0.6824817657470703, 0.7076642513275146, 0.7040145993232727], "val_precision": [0.6339794993400574, 0.7256461381912231, 0.7787787914276123, 0.7460050582885742, 0.7158430218696594, 0.7829848527908325, 0.7577565908432007, 0.7788125872612, 0.7768014073371887, 0.7666863799095154, 0.8092967867851257, 0.7770127058029175, 0.8116666674613953, 0.8108407258987427, 0.8020277619361877, 0.7803526520729065, 0.7719480395317078, 0.8274531364440918, 0.7966011762619019, 0.8101924061775208, 0.8127263188362122, 0.8103448152542114, 0.7850078344345093, 0.8010546565055847, 0.827739417552948, 0.8018636703491211, 0.7991803288459778, 0.78955078125, 0.8054755330085754, 0.7936726212501526], "val_recall": [0.20291970670223236, 0.2664233446121216, 0.2839415967464447, 0.32372263073921204, 0.3594890534877777, 0.39635035395622253, 0.4635036587715149, 0.4883211553096771, 0.48394161462783813, 0.4737226366996765, 0.4956204295158386, 0.535401463508606, 0.5332117080688477, 0.5350365042686462, 0.5485401749610901, 0.5653284788131714, 0.5423357486724854, 0.5478101968765259, 0.5474452376365662, 0.5686131119728088, 0.5733576416969299, 0.5832116603851318, 0.5503649711608887, 0.6098540425300598, 0.6120437979698181, 0.5967153310775757, 0.569343090057373, 0.590146005153656, 0.6120437979698181, 0.6317518353462219]}