{"loss": [1.9841212034225464, 1.7276314496994019, 1.553952693939209, 1.4849203824996948, 1.4371569156646729, 1.3621999025344849, 1.3497889041900635, 1.286055326461792, 1.2633678913116455, 1.2374272346496582, 1.2375471591949463, 1.204156756401062], "categorical_accuracy": [0.20499013364315033, 0.3518219292163849, 0.42362233996391296, 0.45700952410697937, 0.47567760944366455, 0.5133728384971619, 0.5175013542175293, 0.5413749814033508, 0.55035001039505, 0.5618380904197693, 0.5629150867462158, 0.5819422006607056], "precision": [0.446153849363327, 0.5815832018852234, 0.6289033889770508, 0.6649831533432007, 0.6941120028495789, 0.7010309100151062, 0.7052330374717712, 0.7269001603126526, 0.7261948585510254, 0.7512332797050476, 0.7414340972900391, 0.747932493686676], "recall": [0.005205528810620308, 0.06462035328149796, 0.155447855591774, 0.21270866692066193, 0.2602764368057251, 0.29294562339782715, 0.30963921546936035, 0.3502064347267151, 0.3518219292163849, 0.38269609212875366, 0.37677258253097534, 0.40585172176361084], "val_loss": [1.7527358531951904, 1.5463879108428955, 1.3859347105026245, 1.3285940885543823, 1.2709993124008179, 1.2365360260009766, 1.2184566259384155, 1.2172285318374634, 1.107226014137268, 1.1733770370483398, 1.1209498643875122, 1.073697566986084], "val_categorical_accuracy": [0.3470802903175354, 0.4445255398750305, 0.5156934261322021, 0.5164233446121216, 0.5386861562728882, 0.5631386637687683, 0.5656934380531311, 0.5733576416969299, 0.6069343090057373, 0.5959854125976562, 0.6149635314941406, 0.6343065500259399], "val_precision": [0.47706422209739685, 0.748251736164093, 0.7338792085647583, 0.7884615659713745, 0.763005793094635, 0.7635627388954163, 0.7645260095596313, 0.779771625995636, 0.7864721417427063, 0.7851002812385559, 0.7760641574859619, 0.8207300901412964], "val_recall": [0.018978102132678032, 0.11715328693389893, 0.2616788446903229, 0.2693430781364441, 0.3372262716293335, 0.3441605865955353, 0.36496350169181824, 0.34890511631965637, 0.43284672498703003, 0.4000000059604645, 0.4591240882873535, 0.45948904752731323]}