{"loss": [1.9118049144744873, 1.5896188020706177, 1.4423693418502808, 1.2933181524276733, 1.2036153078079224, 1.101973295211792, 1.008914589881897, 0.9220377802848816, 0.8371474742889404, 0.7109184861183167, 0.6453408598899841, 0.5303196310997009, 0.45141157507896423, 0.388931006193161, 0.3256656527519226, 0.29386022686958313, 0.22539010643959045, 0.21758617460727692, 0.1668892204761505, 0.15128010511398315, 0.13211870193481445, 0.1238836869597435, 0.10584115982055664, 0.10081899911165237], "categorical_accuracy": [0.3073056936264038, 0.4295458495616913, 0.4903967082500458, 0.5406569838523865, 0.5864297151565552, 0.6208938956260681, 0.6521270871162415, 0.6907197833061218, 0.7273380160331726, 0.7691617012023926, 0.8002154231071472, 0.8310895562171936, 0.8574762344360352, 0.8851193785667419, 0.9041464924812317, 0.9118649959564209, 0.9357386231422424, 0.9375336766242981, 0.9517142176628113, 0.9570992588996887, 0.963022768497467, 0.9671513438224792, 0.970741331577301, 0.9696643352508545], "precision": [0.56965172290802, 0.7120377421379089, 0.7365000247955322, 0.7501985430717468, 0.7707973718643188, 0.7734231352806091, 0.7918033003807068, 0.8101781010627747, 0.8330903649330139, 0.8535593152046204, 0.8731423616409302, 0.8897958993911743, 0.9049323797225952, 0.9190181493759155, 0.9318526983261108, 0.9351432919502258, 0.9518161416053772, 0.9511473178863525, 0.9635263681411743, 0.9674350619316101, 0.9696474075317383, 0.974695086479187, 0.975883960723877, 0.974642276763916], "recall": [0.0411057248711586, 0.16244839131832123, 0.26440495252609253, 0.339077353477478, 0.40082570910453796, 0.4534195065498352, 0.520193874835968, 0.5715311169624329, 0.6155089139938354, 0.6779752373695374, 0.7276970148086548, 0.7826243042945862, 0.8167294859886169, 0.8535271883010864, 0.8811703324317932, 0.8903248906135559, 0.9219170808792114, 0.9226350784301758, 0.9436367154121399, 0.949201226234436, 0.9576377868652344, 0.9610483050346375, 0.9660742878913879, 0.9658948183059692], "val_loss": [1.6213927268981934, 1.4776782989501953, 1.297154188156128, 1.2860848903656006, 1.184687614440918, 1.149099588394165, 1.182830810546875, 1.1448973417282104, 1.119389533996582, 1.1892225742340088, 1.1613870859146118, 1.3348231315612793, 1.3474658727645874, 1.3288145065307617, 1.469343900680542, 1.4954876899719238, 1.570884346961975, 1.6826622486114502, 1.670653223991394, 1.7350332736968994, 1.972994089126587, 2.004129648208618, 2.0884737968444824, 2.0358872413635254], "val_categorical_accuracy": [0.44051095843315125, 0.4788321256637573, 0.5405109524726868, 0.546350359916687, 0.5875912308692932, 0.5978102087974548, 0.6014598608016968, 0.6233576536178589, 0.6321167945861816, 0.6259124279022217, 0.6478102207183838, 0.6270073056221008, 0.6416058540344238, 0.6299269795417786, 0.6405109763145447, 0.6467153429985046, 0.6288321018218994, 0.6383211612701416, 0.6525547504425049, 0.6507299542427063, 0.6605839133262634, 0.6437956094741821, 0.6273722648620605, 0.639051079750061], "val_precision": [0.8994709253311157, 0.8406779766082764, 0.8186274766921997, 0.76978999376297, 0.7857656478881836, 0.7685068845748901, 0.7472779154777527, 0.738277018070221, 0.7446591854095459, 0.7187206149101257, 0.718721866607666, 0.6922398805618286, 0.6955782175064087, 0.6962412595748901, 0.6830173134803772, 0.6854023337364197, 0.6639577150344849, 0.6714228987693787, 0.6781832575798035, 0.6827531456947327, 0.6778497695922852, 0.6615737080574036, 0.6496913433074951, 0.6604866981506348], "val_recall": [0.062043797224760056, 0.18102189898490906, 0.30474451184272766, 0.34781020879745483, 0.39890509843826294, 0.4470802843570709, 0.4759124219417572, 0.49416059255599976, 0.5343065857887268, 0.5576642155647278, 0.5828467011451721, 0.5729926824569702, 0.5970802903175354, 0.5813868641853333, 0.604744553565979, 0.6186131238937378, 0.596350371837616, 0.6182481646537781, 0.6375912427902222, 0.6299269795417786, 0.6489050984382629, 0.6321167945861816, 0.6145985126495361, 0.6240875720977783]}