{"loss": [2.0689616203308105, 1.7506119012832642, 1.5422537326812744, 1.4649583101272583, 1.388373613357544, 1.3190819025039673, 1.302042007446289, 1.2598989009857178, 1.2271262407302856, 1.1985174417495728, 1.1757029294967651, 1.148790955543518, 1.1180421113967896, 1.12260103225708, 1.099905252456665, 1.0847333669662476, 1.050965666770935, 1.0434770584106445, 1.0408010482788086, 1.0175412893295288, 1.0157055854797363, 1.0108264684677124, 1.0015822649002075, 0.9794066548347473, 0.9766839146614075, 0.9811276197433472, 0.970069408416748, 0.9516765475273132, 0.9399269223213196, 0.9393605589866638, 0.9224607348442078, 0.9262189865112305, 0.9150733947753906, 0.8963544964790344, 0.9053918719291687, 0.9058664441108704, 0.9031664133071899, 0.8827781677246094, 0.8837177157402039, 0.8742736577987671, 0.8732225894927979, 0.8510309457778931, 0.8726957440376282, 0.8568492531776428, 0.8486128449440002, 0.85673987865448, 0.8331081867218018, 0.8283710479736328, 0.8166689872741699, 0.8361569046974182], "categorical_accuracy": [0.15096032619476318, 0.33117932081222534, 0.4245198369026184, 0.46347156167030334, 0.5017052888870239, 0.5291689038276672, 0.533117949962616, 0.5526835322380066, 0.565787136554718, 0.5790702104568481, 0.5869682431221008, 0.5914557576179504, 0.6009693145751953, 0.607610821723938, 0.6137138605117798, 0.6189194321632385, 0.6357924938201904, 0.6451265215873718, 0.6429725289344788, 0.6496140956878662, 0.645844578742981, 0.6449470520019531, 0.6551786065101624, 0.6580505967140198, 0.6611021161079407, 0.6551786065101624, 0.6607431173324585, 0.6722311973571777, 0.6736671924591064, 0.6752827167510986, 0.6786932349205017, 0.6783342361450195, 0.6908993124961853, 0.6869502663612366, 0.6903607845306396, 0.6847962737083435, 0.6887452602386475, 0.6959253549575806, 0.6908993124961853, 0.6998743414878845, 0.700053870677948, 0.7049003839492798, 0.6955662965774536, 0.7117214202880859, 0.7101058959960938, 0.7049003839492798, 0.7135164141654968, 0.7165679335594177, 0.7176449298858643, 0.7172859311103821], "precision": [0.375, 0.6201550364494324, 0.6555160284042358, 0.6641590595245361, 0.688299834728241, 0.7211999893188477, 0.7161803841590881, 0.7344309091567993, 0.7389979958534241, 0.749017059803009, 0.7466796040534973, 0.7493842244148254, 0.7514057159423828, 0.7625075578689575, 0.762171745300293, 0.768878698348999, 0.7810384035110474, 0.784940242767334, 0.7801616191864014, 0.7859477400779724, 0.7851892113685608, 0.7894156575202942, 0.7899408340454102, 0.7948718070983887, 0.7949934005737305, 0.787533164024353, 0.7935149073600769, 0.802607536315918, 0.8093143701553345, 0.7981293797492981, 0.8018844127655029, 0.8039613962173462, 0.8116308450698853, 0.8084842562675476, 0.8071446418762207, 0.8003507256507874, 0.8025062680244446, 0.8167290687561035, 0.8117705583572388, 0.8089942932128906, 0.8147233128547668, 0.8133203983306885, 0.8178438544273376, 0.8198773264884949, 0.8191125988960266, 0.8224939107894897, 0.8218252062797546, 0.824658215045929, 0.8213446140289307, 0.8314743041992188], "recall": [0.001077005872502923, 0.05744031444191933, 0.16532041132450104, 0.22186322510242462, 0.27032849192619324, 0.32364028692245483, 0.3392568528652191, 0.368336021900177, 0.39185065031051636, 0.41033926606178284, 0.4137497842311859, 0.4369054138660431, 0.45575299859046936, 0.45413750410079956, 0.46365106105804443, 0.4824986457824707, 0.49685874581336975, 0.5070902705192566, 0.502602756023407, 0.5180398225784302, 0.517680823802948, 0.5140908360481262, 0.5271943807601929, 0.5341949462890625, 0.5415544509887695, 0.5329384207725525, 0.5490935444831848, 0.5525040626525879, 0.5614790916442871, 0.5514270067214966, 0.5652486085891724, 0.5683001279830933, 0.576198160648346, 0.5849937200546265, 0.5799676775932312, 0.5735056400299072, 0.5747621655464172, 0.5871477127075195, 0.5867887139320374, 0.5876862406730652, 0.5919942855834961, 0.6006103157997131, 0.5923532843589783, 0.5997127890586853, 0.6031233072280884, 0.6038413047790527, 0.6110213398933411, 0.6171243786811829, 0.6271764636039734, 0.6155089139938354], "val_loss": [1.976299524307251, 1.5597301721572876, 1.3930306434631348, 1.3244065046310425, 1.2880918979644775, 1.1908023357391357, 1.253763198852539, 1.1349802017211914, 1.1291195154190063, 1.082589864730835, 1.0984505414962769, 1.0103472471237183, 1.0158522129058838, 1.0250574350357056, 0.9803079962730408, 0.9836251139640808, 0.9713032245635986, 1.0041180849075317, 0.9771478176116943, 0.931715190410614, 0.9355970621109009, 0.93674236536026, 0.9330843687057495, 0.9096271395683289, 0.8876194953918457, 0.9475040435791016, 0.950121283531189, 0.9277559518814087, 0.8968556523323059, 0.9052230715751648, 0.9070727825164795, 0.9288466572761536, 0.8681361079216003, 0.9023966789245605, 0.8841838836669922, 0.8824846148490906, 0.929869532585144, 0.8833431005477905, 0.8376979231834412, 0.9641138911247253, 0.8711090087890625, 0.8748978972434998, 0.9085734486579895, 0.963296115398407, 0.8456763029098511, 0.8668171763420105, 0.8562130331993103, 0.8791186809539795, 0.8632141351699829, 0.8841499090194702], "val_categorical_accuracy": [0.23868612945079803, 0.40109488368034363, 0.4828467071056366, 0.517153263092041, 0.5295620560646057, 0.5722627639770508, 0.5682481527328491, 0.6036496162414551, 0.6091240644454956, 0.6313868761062622, 0.6291970610618591, 0.6492700576782227, 0.6481751799583435, 0.6456204652786255, 0.6675182580947876, 0.659853994846344, 0.6704379320144653, 0.6594890356063843, 0.6700729727745056, 0.685401439666748, 0.6850364804267883, 0.6832116842269897, 0.6799269914627075, 0.6908758878707886, 0.709854006767273, 0.6912408471107483, 0.6773722767829895, 0.6879562139511108, 0.6948904991149902, 0.6963503360748291, 0.6916058659553528, 0.6839416027069092, 0.712043821811676, 0.6912408471107483, 0.7043795585632324, 0.6967153549194336, 0.6948904991149902, 0.7058393955230713, 0.7116788029670715, 0.6879562139511108, 0.7047445178031921, 0.7069343328475952, 0.7025547623634338, 0.6813868880271912, 0.7237226366996765, 0.7189781069755554, 0.7153284549713135, 0.718248188495636, 0.7156934142112732, 0.703649640083313], "val_precision": [1.0, 0.6516690850257874, 0.7215332388877869, 0.753410279750824, 0.7799086570739746, 0.7582025527954102, 0.7113022208213806, 0.7555422186851501, 0.799580991268158, 0.797831654548645, 0.7892486453056335, 0.8215818405151367, 0.7813378572463989, 0.8035611510276794, 0.8372921347618103, 0.804578423500061, 0.7939049601554871, 0.7910772562026978, 0.8086283206939697, 0.8299727439880371, 0.8282548189163208, 0.8151482939720154, 0.8102808594703674, 0.8291909098625183, 0.8171828389167786, 0.7892701625823975, 0.7944122552871704, 0.7995961904525757, 0.8211055397987366, 0.8028032779693604, 0.7909936308860779, 0.8009141683578491, 0.8158896565437317, 0.7992183566093445, 0.8207831382751465, 0.8003829717636108, 0.8126532435417175, 0.8130519986152649, 0.8295065760612488, 0.7860836982727051, 0.8127431869506836, 0.8240740895271301, 0.8072346448898315, 0.8171185255050659, 0.8291409611701965, 0.8329979777336121, 0.8252052068710327, 0.8243570923805237, 0.8106095790863037, 0.7991493344306946],