{"loss": [1.9882994890213013, 1.5426256656646729, 1.3650377988815308, 1.2102795839309692, 1.10725998878479, 0.9715278148651123, 0.9016514420509338, 0.7873692512512207, 0.7290505170822144, 0.6084397435188293, 0.5257635116577148, 0.4646698534488678], "categorical_accuracy": [0.30981871485710144, 0.45144498348236084, 0.5155268311500549, 0.5814036726951599, 0.6129958629608154, 0.6675641536712646, 0.697540819644928, 0.7386465668678284, 0.7589301466941833, 0.7994974255561829, 0.8362951278686523, 0.8551427125930786], "precision": [0.5898250937461853, 0.7078431248664856, 0.7445155382156372, 0.7633881568908691, 0.7800125479698181, 0.8034072518348694, 0.8214194178581238, 0.8487793207168579, 0.8477421998977661, 0.8671209812164307, 0.8978539109230042, 0.9037731885910034], "recall": [0.06659486889839172, 0.19439956545829773, 0.2924070954322815, 0.3914916515350342, 0.44552144408226013, 0.5332974195480347, 0.5754801630973816, 0.6427930593490601, 0.6706156730651855, 0.7309280037879944, 0.781008780002594, 0.8126009702682495], "val_loss": [1.5423871278762817, 1.4446508884429932, 1.2393295764923096, 1.2162925004959106, 1.1460968255996704, 1.132041335105896, 1.1377170085906982, 1.1015890836715698, 1.2627592086791992, 1.1586405038833618, 1.2097777128219604, 1.2654635906219482], "val_categorical_accuracy": [0.4317518174648285, 0.47445255517959595, 0.5540146231651306, 0.5726277232170105, 0.5883211493492126, 0.6113138794898987, 0.6240875720977783, 0.6299269795417786, 0.613503634929657, 0.6408759355545044, 0.6401459574699402, 0.6372262835502625], "val_precision": [0.8303571343421936, 0.7172489166259766, 0.7966841459274292, 0.7718331813812256, 0.7304250597953796, 0.7581395506858826, 0.7409090995788574, 0.7349338531494141, 0.7048611044883728, 0.7230700254440308, 0.70652174949646, 0.7094323039054871], "val_recall": [0.1018248200416565, 0.23978102207183838, 0.3332116901874542, 0.35802918672561646, 0.47664234042167664, 0.4759124219417572, 0.535401463508606, 0.5474452376365662, 0.5186131596565247, 0.5879561901092529, 0.5930656790733337, 0.579197108745575]}