{"loss": [2.3142340183258057, 1.5714101791381836, 1.3644397258758545, 1.1468963623046875, 0.9880396127700806, 0.8215269446372986, 0.7075566053390503, 0.5800623297691345, 0.5257423520088196, 0.41480228304862976, 0.3312467336654663, 0.279104083776474], "binary_accuracy": [0.8742595314979553, 0.8890010714530945, 0.9005115628242493, 0.9152531027793884, 0.9268757700920105, 0.938072144985199, 0.9474062323570251, 0.9574807286262512, 0.9627760052680969, 0.9715266823768616, 0.9759020209312439, 0.9803670644760132], "precision": [0.4326530694961548, 0.7241379022598267, 0.7611391544342041, 0.8006032109260559, 0.8306636214256287, 0.8500622510910034, 0.872718870639801, 0.8961206674575806, 0.9063149094581604, 0.9269551634788513, 0.9339895844459534, 0.9453717470169067], "recall": [0.019027104601264, 0.1809369921684265, 0.29743313789367676, 0.42882785201072693, 0.5212708711624146, 0.6126368641853333, 0.678154706954956, 0.7463651299476624, 0.7831628322601318, 0.8382695913314819, 0.8686052560806274, 0.8946329355239868], "val_loss": [1.733337163925171, 1.370384693145752, 1.3338737487792969, 1.145050048828125, 1.1180311441421509, 1.1190747022628784, 1.2010248899459839, 1.2076647281646729, 1.2079532146453857, 1.2177274227142334, 1.4158097505569458, 1.498897671699524], "val_binary_accuracy": [0.8843522071838379, 0.9010492563247681, 0.8994981646537781, 0.9146897792816162, 0.9171532988548279, 0.9185675382614136, 0.9147353768348694, 0.9176095128059387, 0.918248176574707, 0.9213047623634338, 0.9177919626235962, 0.917198896408081], "val_precision": [0.7282850742340088, 0.807319700717926, 0.7859424948692322, 0.7626811861991882, 0.7961538434028625, 0.7511835694313049, 0.7187343239784241, 0.7206994295120239, 0.7240075469017029, 0.7252551913261414, 0.6990662217140198, 0.6891615390777588], "val_recall": [0.11934306472539902, 0.2737226188182831, 0.2693430781364441, 0.4609489142894745, 0.45328468084335327, 0.5211678743362427, 0.5222627520561218, 0.5565693378448486, 0.5591241121292114, 0.596350371837616, 0.6010949015617371, 0.6149635314941406]}