{"loss": [1.9969444274902344, 1.628372073173523, 1.3932591676712036, 1.2821767330169678, 1.0934048891067505, 0.9647077918052673, 0.8332580327987671, 0.6963101029396057, 0.6170780062675476, 0.5153951644897461, 0.43220749497413635, 0.36470338702201843], "categorical_accuracy": [0.304433673620224, 0.4110572636127472, 0.4995512366294861, 0.5483754873275757, 0.6124573945999146, 0.6736671924591064, 0.7230299711227417, 0.7709567546844482, 0.8056004047393799, 0.8355770707130432, 0.8673487901687622, 0.8912224173545837], "precision": [0.5888031125068665, 0.6992014050483704, 0.7455882430076599, 0.7584181427955627, 0.7848984599113464, 0.8192043900489807, 0.8393474817276001, 0.8585675358772278, 0.8811158537864685, 0.8922352194786072, 0.9102844595909119, 0.925212025642395], "recall": [0.0547478012740612, 0.1414467841386795, 0.27302101254463196, 0.34769341349601746, 0.4440854489803314, 0.5359899401664734, 0.6095853447914124, 0.6799497604370117, 0.7370310425758362, 0.7817267775535583, 0.82139652967453, 0.8616047501564026], "val_loss": [1.5753955841064453, 1.459476351737976, 1.2661104202270508, 1.2438639402389526, 1.1987273693084717, 1.1314806938171387, 1.241619348526001, 1.166955590248108, 1.2569762468338013, 1.2267011404037476, 1.2550045251846313, 1.3217445611953735], "val_categorical_accuracy": [0.4003649652004242, 0.47919708490371704, 0.5405109524726868, 0.5667883157730103, 0.5697080492973328, 0.6164233684539795, 0.6076642274856567, 0.6302919983863831, 0.6313868761062622, 0.6419708132743835, 0.636496365070343, 0.6507299542427063], "val_precision": [0.8105906248092651, 0.8027523159980774, 0.7704917788505554, 0.7709580659866333, 0.743215024471283, 0.7493112683296204, 0.6949731707572937, 0.7208619117736816, 0.7073837518692017, 0.7087422013282776, 0.6949300765991211, 0.7048759460449219], "val_recall": [0.14525547623634338, 0.1916058361530304, 0.3259124159812927, 0.3759123980998993, 0.38978102803230286, 0.49635037779808044, 0.5197080373764038, 0.5372262597084045, 0.5664233565330505, 0.5799270272254944, 0.5802919864654541, 0.6014598608016968]}