{"loss": [2.046142578125], "binary_accuracy": [0.8763014078140259], "precision": [0.5641592741012573], "recall": [0.045772749930620193], "val_loss": [1.515215516090393], "val_binary_accuracy": [0.8892335891723633], "val_precision": [0.7943395972251892], "val_recall": [0.15364962816238403]}